date,code,open,high,low,close,preclose,volume,amount,adjustflag,turn,tradestatus,pctChg,peTTM,psTTM,pcfNcfTTM,pbMRQ,isST
2020-07-08,sz.300840,7.1300,8.5500,7.1300,8.5500,5.9400,118016,1006451.8000,3,0.196700,1,43.939400,29.880196,3.834485,-19.522172,3.405993,0
2020-07-09,sz.300840,9.4100,9.4100,9.4100,9.4100,8.5500,19022,178997.0200,3,0.031700,1,10.058500,32.885689,4.220176,-21.485806,3.748584,0
2020-07-10,sz.300840,10.3500,10.3500,10.3500,10.3500,9.4100,40895,423263.2500,3,0.068200,1,9.989400,36.170764,4.641745,-23.632103,4.123044,0
2020-07-13,sz.300840,11.3900,11.3900,11.3900,11.3900,10.3500,45073,513381.4700,3,0.075100,1,10.048300,39.805314,5.108162,-26.006730,4.537340,0
2020-07-14,sz.300840,12.5300,12.5300,12.5300,12.5300,11.3900,116292,1457138.7600,3,0.193800,1,10.008800,43.789340,5.619426,-28.609686,4.991473,0
2020-07-15,sz.300840,13.7800,13.7800,13.7800,13.7800,12.5300,113086,1558325.0800,3,0.188500,1,9.976100,48.157790,6.180023,-31.463805,5.489425,0
2020-07-16,sz.300840,15.1600,15.1600,15.1600,15.1600,13.7800,150002,2274030.3200,3,0.250000,1,10.014500,52.980558,6.798923,-34.614752,6.039164,0
2020-07-17,sz.300840,16.6800,16.6800,16.6800,16.6800,15.1600,286456,4778086.0800,3,0.477400,1,10.026400,58.292593,7.480609,-38.085360,6.644674,0
2020-07-20,sz.300840,18.3500,18.3500,18.3500,18.3500,16.6800,270349,4960904.1500,3,0.450600,1,10.012000,64.128842,8.229567,-41.898463,7.309938,0
2020-07-21,sz.300840,20.1900,20.1900,20.1900,20.1900,18.3500,225961,4562152.5900,3,0.376600,1,10.027200,70.559200,9.054766,-46.099726,8.042923,0
2020-07-22,sz.300840,22.2100,22.2100,22.2100,22.2100,20.1900,196729,4369351.0900,3,0.327900,1,10.005000,77.618615,9.960691,-50.711982,8.847614,0
2020-07-23,sz.300840,24.4300,24.4300,24.4300,24.4300,22.2100,323858,7911850.9400,3,0.539800,1,9.995500,85.376981,10.956311,-55.780896,9.731977,0
2020-07-24,sz.300840,26.8700,26.8700,21.9900,25.7900,24.4300,44501517,1082332705.6600,3,74.169200,1,5.566900,90.129855,11.566241,-58.886178,10.273749,0
2020-07-27,sz.300840,24.1200,24.5500,23.2100,23.2100,25.7900,9978496,235461700.6400,3,16.630800,1,-10.003900,81.113374,10.409169,-52.995277,9.245976,0
2020-07-28,sz.300840,22.0000,22.4400,20.8900,22.2000,23.2100,25000255,536596554.6100,3,41.667100,1,-4.351600,77.583667,9.956206,-50.689149,8.843631,0
2020-07-29,sz.300840,21.7900,24.4100,21.5300,23.2500,22.2000,24830456,564050540.3200,3,41.384100,1,4.729700,81.253165,10.427108,-53.086608,9.261910,0
2020-07-30,sz.300840,22.8100,24.2500,22.1500,23.8700,23.2500,26075349,602568007.7400,3,43.458900,1,2.666700,83.419916,10.705164,-54.502251,9.508895,0
2020-07-31,sz.300840,23.6100,23.9900,22.7800,22.8000,23.8700,21444608,499337809.5600,3,35.741000,1,-4.482600,79.680523,10.225293,-52.059126,9.082648,0
2020-08-03,sz.300840,23.0900,23.5100,21.8100,22.8900,22.8000,21222520,483482448.2000,3,35.370900,1,0.394700,79.995051,10.265656,-52.264622,9.118500,0
2020-08-04,sz.300840,22.9600,25.1800,22.5300,25.1800,22.8900,32955634,797145127.1800,3,54.926100,1,10.004400,87.998051,11.292670,-57.493368,10.030749,0
2020-08-05,sz.300840,24.2000,24.3500,22.6600,23.1700,25.1800,28215431,650012756.4500,3,47.025700,1,-7.982500,80.973584,10.391229,-52.903945,9.230041,0
2020-08-06,sz.300840,22.8000,23.2000,21.6500,21.8900,23.1700,15716817,350815225.0200,3,26.194700,1,-5.524400,76.500291,9.817178,-49.981327,8.720138,0
2020-08-07,sz.300840,21.8900,22.0000,20.8900,21.6600,21.8900,11751169,250907689.8500,3,19.585300,1,-1.050700,75.696497,9.714028,-49.456169,8.628515,0
2020-08-10,sz.300840,21.3900,21.7600,21.2300,21.5600,21.6600,6429602,138253071.3900,3,10.716000,1,-0.461700,75.347021,9.669180,-49.227840,8.588679,0
2020-08-11,sz.300840,21.5900,21.7300,19.8500,20.0100,21.5600,10639239,221071560.2000,3,17.732100,1,-7.189200,69.930143,8.974040,-45.688733,7.971218,0
2020-08-12,sz.300840,19.7000,19.8000,18.6400,18.9900,20.0100,8391671,160066210.5300,3,13.986100,1,-5.097500,66.365488,8.516592,-43.359772,7.564889,0
2020-08-13,sz.300840,19.0000,19.1500,18.6700,18.6700,18.9900,5160383,97671444.9300,3,8.600600,1,-1.685100,65.247165,8.373080,-42.629117,7.437414,0
2020-08-14,sz.300840,18.5700,18.7900,17.8400,18.6600,18.6700,6158186,112962602.1700,3,10.263600,1,-0.053600,65.212217,8.368595,-42.606284,7.433430,0
2020-08-17,sz.300840,18.7400,19.4500,18.5600,19.2500,18.6600,5996910,114641953.1800,3,9.994900,1,3.161800,67.274126,8.633197,-43.953428,7.668463,0
2020-08-18,sz.300840,19.1900,19.7000,19.1900,19.5200,19.2500,5290477,103109891.5800,3,8.817500,1,1.402600,68.217711,8.754286,-44.569918,7.776021,0
2020-08-19,sz.300840,19.5300,20.5900,19.3500,19.9100,19.5200,7552474,151458580.6800,3,12.587500,1,1.998000,69.580667,8.929192,-45.460403,7.931382,0
2020-08-20,sz.300840,19.9200,20.0000,18.9100,19.0000,19.9100,5130692,98680070.1800,3,8.551200,1,-4.570600,66.400436,8.521077,-43.382605,7.568873,0
2020-08-21,sz.300840,19.1800,19.9400,19.0300,19.4000,19.0000,5687859,110553217.5800,3,9.479800,1,2.105300,67.798340,8.700468,-44.295923,7.728218,0
2020-08-24,sz.300840,19.3700,19.3700,18.0000,18.6900,19.4000,5581718,103571345.7700,3,9.302900,1,-3.659800,65.317060,8.382049,-42.674783,7.445381,0
2020-08-25,sz.300840,18.4200,20.5100,18.4100,20.1000,18.6900,11142016,218127862.7700,3,18.570000,1,7.544100,70.244671,9.014403,-45.894229,8.007071,0
2020-08-26,sz.300840,20.1500,20.4100,18.6200,18.8100,20.1000,9012572,175371759.1100,3,15.021000,1,-6.417900,52.344509,7.002919,316.641159,7.120715,0
2020-08-27,sz.300840,18.7900,18.7900,17.8400,18.2400,18.8100,6206266,112709215.2400,3,10.343800,1,-3.030300,50.758312,6.790709,307.045973,6.904936,0
2020-08-28,sz.300840,18.1200,19.6200,18.1100,19.1600,18.2400,7823752,149387609.2900,3,13.039600,1,5.043900,53.318490,7.133223,322.532941,7.253211,0
2020-08-31,sz.300840,19.2900,19.8500,18.9800,19.0600,19.1600,5671204,109990485.0300,3,9.452000,1,-0.521900,53.040209,7.095993,320.849575,7.215355,0
2020-09-01,sz.300840,18.8700,19.4300,18.8700,19.2200,19.0600,3660922,70025319.4100,3,6.101500,1,0.839500,53.485458,7.155561,323.542960,7.275924,0
2020-09-02,sz.300840,19.3500,19.5300,18.4900,19.4700,19.2200,6485600,123240841.5800,3,10.809300,1,1.300700,54.181158,7.248635,327.751376,7.370564,0
2020-09-03,sz.300840,19.3800,20.3000,19.2700,19.7200,19.4700,8168019,160959910.0300,3,13.613400,1,1.284000,54.876859,7.341709,331.959791,7.465204,0
2020-09-04,sz.300840,19.2700,19.5500,18.7300,19.4100,19.7200,4800119,92060802.0600,3,8.000200,1,-1.572000,54.014190,7.226297,326.741356,7.347851,0
2020-09-07,sz.300840,19.5500,20.0900,19.1100,19.1700,19.4100,8503177,167182208.5000,3,14.172000,1,-1.236500,53.346318,7.136946,322.701277,7.256996,0
2020-09-08,sz.300840,19.0000,19.3500,18.0300,18.8100,19.1700,7706135,143466766.9000,3,12.843600,1,-1.877900,52.344509,7.002919,316.641159,7.120715,0
2020-09-09,sz.300840,18.6000,22.5700,18.4100,20.9600,18.8100,24484411,506462079.3400,3,40.807400,1,11.430100,58.327534,7.803358,352.833530,7.934619,0
2020-09-10,sz.300840,20.2000,21.2100,18.0000,18.2200,20.9600,17126676,335381895.2300,3,28.544500,1,-13.072500,50.702656,6.783263,306.709300,6.897364,0
2020-09-11,sz.300840,17.0900,17.5000,15.3400,16.9600,18.2200,12014876,200537541.4400,3,20.024800,1,-6.915500,47.196325,6.314168,285.498887,6.420379,0
2020-09-14,sz.300840,16.8000,18.1800,16.7000,17.3100,16.9600,7491947,130175279.9400,3,12.486600,1,2.063700,48.170306,6.444472,291.390668,6.552875,0
2020-09-15,sz.300840,18.0100,20.7700,18.0100,20.7700,17.3100,10322163,208432265.7500,3,17.203600,1,19.988400,57.798801,7.732622,349.635135,7.862693,0
2020-09-16,sz.300840,24.7100,24.9200,21.6500,24.9200,20.7700,45021490,1066352943.6700,3,75.035800,1,19.980700,69.347430,9.277657,419.494827,9.433717,0
2020-09-17,sz.300840,24.0000,28.8000,23.6100,25.3400,24.9200,45547856,1188123320.9300,3,75.913100,1,1.685400,70.516207,9.434022,426.564964,9.592712,0
2020-09-18,sz.300840,24.1200,25.0000,22.8500,23.1000,25.3400,28923179,689568951.3700,3,48.205300,1,-8.839800,64.282730,8.600075,388.857564,8.744738,0
2020-09-21,sz.300840,23.5600,24.4800,22.1100,24.0400,23.1000,24419257,576639852.8700,3,40.698800,1,4.069300,66.898564,8.950035,404.681205,9.100584,0
2020-09-22,sz.300840,23.1000,28.5500,23.0800,26.4000,24.0400,33329233,868506596.8000,3,55.548700,1,9.817000,73.465977,9.828658,444.408645,9.993986,0
2020-09-23,sz.300840,26.0200,27.0000,25.1300,26.9500,26.4000,24121459,633911628.7300,3,40.202400,1,2.083300,74.996518,10.033421,453.667158,10.202194,0
2020-09-24,sz.300840,25.6600,26.0000,22.2000,22.4600,26.9500,23705042,560604921.9200,3,39.508400,1,-16.660500,62.501737,8.361805,378.084021,8.502459,0
2020-09-25,sz.300840,22.3300,22.7800,20.6900,21.3000,22.4600,17442461,372843684.5800,3,29.070800,1,-5.164700,59.273686,7.929940,358.556975,8.063329,0
2020-09-28,sz.300840,21.1400,21.3800,18.5500,19.0300,21.3000,15782762,309059284.7300,3,26.304600,1,-10.657300,52.956725,7.084824,320.344565,7.203998,0
2020-09-29,sz.300840,19.0700,19.6900,18.5500,18.8400,19.0300,10975265,209517633.2200,3,18.292100,1,-0.998400,52.427993,7.014087,317.146169,7.132072,0
2020-09-30,sz.300840,18.8900,19.1700,18.1200,18.2800,18.8400,9185418,171303293.3500,3,15.309000,1,-2.972400,50.869624,6.805601,307.719319,6.920078,0
2020-10-09,sz.300840,18.8200,19.6300,18.5800,19.5600,18.2800,10424493,199324980.2900,3,17.374200,1,7.002200,54.431610,7.282142,329.266405,7.404635,0
2020-10-12,sz.300840,19.7200,21.3300,19.3000,20.7900,19.5600,13922941,282240856.7500,3,23.204900,1,6.288300,57.854457,7.740068,349.971808,7.870264,0
2020-10-13,sz.300840,20.5800,21.7800,19.8100,21.3900,20.7900,17414794,362870639.1400,3,29.024700,1,2.886000,59.524138,7.963446,360.072004,8.097400,0
2020-10-14,sz.300840,21.0000,25.6700,20.8000,25.6700,21.3900,32194202,785628202.8100,3,53.657000,1,20.009400,71.434532,9.556880,432.120072,9.717637,0
2020-10-15,sz.300840,25.0000,30.3900,23.7700,27.8300,25.6700,39356079,1019848745.4300,3,65.593500,1,8.414500,77.445384,10.361043,468.480780,10.535327,0
2020-10-16,sz.300840,26.0100,28.8800,25.5100,25.6900,27.8300,31058019,831713619.8700,3,51.763400,1,-7.689500,71.490188,9.564326,432.456746,9.725208,0
2020-10-19,sz.300840,25.6800,27.5000,25.0300,25.8600,25.6900,22702130,596720066.7000,3,37.836900,1,0.661700,71.963264,9.627617,435.318468,9.789563,0
2020-10-20,sz.300840,25.6200,28.4700,25.6000,27.3100,25.8600,25588570,692970182.2000,3,42.647600,1,5.607100,75.998327,10.167448,459.727276,10.338475,0
2020-10-21,sz.300840,26.6600,31.9700,26.6600,28.4300,27.3100,33263800,964926716.9100,3,55.439700,1,4.101100,79.115066,10.584422,478.580976,10.762463,0
2020-10-22,sz.300840,27.2500,29.6000,25.1100,28.3100,28.4300,24574941,673958902.9600,3,40.958200,1,-0.422100,78.781129,10.539746,476.560937,10.717035,0
2020-10-23,sz.300840,28.4000,29.1000,26.0000,26.5000,28.3100,19713576,536735047.8900,3,32.856000,1,-6.393500,73.744258,9.865887,446.092011,10.031842,0
2020-10-26,sz.300840,25.5900,26.9900,25.0200,26.3200,26.5000,13799357,358512689.1900,3,22.998900,1,-0.679200,73.243353,9.798874,443.061952,9.963701,0
2020-10-27,sz.300840,25.7400,27.4800,25.5800,26.1300,26.3200,14768814,391685821.5100,3,24.614700,1,-0.721900,72.714621,9.728137,439.863556,9.891775,0
2020-10-28,sz.300840,25.5100,26.8000,24.7000,25.9100,26.1300,13919126,358275141.7700,3,23.198500,1,-0.841900,72.102404,9.646232,436.160151,9.808491,0
2020-10-29,sz.300840,25.0200,27.7900,25.0200,26.2000,25.9100,15856932,422066168.1400,3,26.428200,1,1.119300,72.909417,9.754198,441.041913,9.918274,0
2020-10-30,sz.300840,25.2900,26.6500,23.1000,23.1200,26.2000,15527877,388765321.8100,3,25.879800,1,-11.755700,76.822692,8.683597,97.363967,5.875254,0
2020-11-02,sz.300840,22.9400,25.9700,22.8100,24.9000,23.1200,14340504,355154059.4600,3,23.900800,1,7.699000,82.737242,9.352144,104.859982,6.327587,0
2020-11-03,sz.300840,25.3900,27.4300,25.1100,26.3500,24.9000,14133729,373149057.6900,3,23.556200,1,5.823300,87.555275,9.896747,110.966286,6.696061,0
2020-11-04,sz.300840,27.0000,27.3000,25.3100,26.5300,26.3500,11557455,301694168.0000,3,19.262400,1,0.683100,88.153375,9.964353,111.724310,6.741803,0
2020-11-05,sz.300840,26.6900,28.2500,26.2100,27.4900,26.5300,15645864,426608037.4100,3,26.076400,1,3.618500,91.343245,10.324917,115.767105,6.985758,0
2020-11-06,sz.300840,27.3300,27.7200,25.5100,25.6900,27.4900,10838519,285773842.1600,3,18.064200,1,-6.547800,85.362239,9.648859,108.186865,6.528342,0
2020-11-09,sz.300840,25.7900,26.8400,25.6900,26.1400,25.6900,8616863,225750274.1600,3,14.361400,1,1.751700,86.857491,9.817873,110.081925,6.642696,0
2020-11-10,sz.300840,26.0000,26.0000,24.1200,24.3100,26.1400,9205950,227289262.5500,3,15.343300,1,-7.000800,80.776802,9.130547,102.375348,6.177657,0
2020-11-11,sz.300840,24.0600,24.5000,23.2000,23.2800,24.3100,5361015,126991274.6900,3,8.935000,1,-4.236900,77.354337,8.743691,98.037767,5.915913,0
2020-11-12,sz.300840,23.5300,24.3300,23.3900,23.8600,23.2800,5823052,138834332.5200,3,9.705100,1,2.491400,79.281550,8.961532,100.480288,6.063303,0
2020-11-13,sz.300840,23.5200,23.9500,23.3200,23.5500,23.8600,3608176,85242495.7600,3,6.013600,1,-1.299200,78.251488,8.845100,99.174802,5.984525,0
2020-11-16,sz.300840,24.4000,25.1000,23.5500,23.8400,23.5500,7588385,183626223.1600,3,12.647300,1,1.231400,79.215095,8.954021,100.396063,6.058220,0
2020-11-17,sz.300840,23.1100,23.6700,22.6000,23.2600,23.8400,7142364,164895705.2500,3,11.903900,1,-2.432900,77.287882,8.736180,97.953542,5.910831,0
2020-11-18,sz.300840,23.3000,23.7800,23.1200,23.2600,23.2600,5218604,122296382.6800,3,8.697700,1,0.000000,77.287882,8.736180,97.953542,5.910831,0
2020-11-19,sz.300840,22.9000,24.2300,22.6500,23.8000,23.2600,8453458,200395174.6100,3,14.089100,1,2.321600,79.082183,8.938997,100.227614,6.048055,0
2020-11-20,sz.300840,23.3500,24.1800,23.0300,23.1600,23.8000,6856446,160040355.1400,3,11.427400,1,-2.689100,76.955604,8.698621,97.532417,5.885419,0
2020-11-23,sz.300840,23.3400,23.3400,21.5400,22.0200,23.1600,8898324,196589430.9200,3,14.830500,1,-4.922300,73.167634,8.270450,92.731599,5.595722,0
2020-11-24,sz.300840,21.8100,22.0700,21.2100,21.3600,22.0200,5681385,122489011.7400,3,9.469000,1,-2.997300,70.974598,8.022562,89.952178,5.428003,0
2020-11-25,sz.300840,21.5000,21.5100,20.5800,20.6100,21.3600,4865600,101925052.0000,3,8.109300,1,-3.511200,68.482513,7.740871,86.793744,5.237413,0
2020-11-26,sz.300840,20.6100,20.8500,20.1800,20.8300,20.6100,4094168,84285521.3500,3,6.823600,1,1.067400,69.213524,7.823500,87.720218,5.293319,0
2020-11-27,sz.300840,20.9000,20.9900,20.1900,20.3000,20.8300,3737100,76325160.1700,3,6.228500,1,-2.544400,67.452451,7.624439,85.488259,5.158636,0
2020-11-30,sz.300840,20.1800,20.6300,19.8500,19.9800,20.3000,3691826,74664205.4800,3,6.153000,1,-1.576400,66.389161,7.504251,84.140660,5.077317,0
2020-12-01,sz.300840,19.8400,21.2500,19.8100,21.2300,19.9800,7491380,156926033.7000,3,12.485600,1,6.256300,70.542637,7.973736,89.404716,5.394967,0
2020-12-02,sz.300840,21.4000,21.4000,20.8000,20.9100,21.2300,4255900,89474814.0000,3,7.093200,1,-1.507300,69.479347,7.853547,88.057118,5.313649,0
2020-12-03,sz.300840,20.8400,22.3000,20.8400,21.8800,20.9100,6886126,149162966.2000,3,11.476900,1,4.638900,72.702444,8.217868,92.142025,5.560145,0
2020-12-04,sz.300840,21.6300,21.7700,21.1700,21.4500,21.8800,3891847,83263953.5600,3,6.486400,1,-1.965300,71.273649,8.056365,90.331190,5.450874,0
2020-12-07,sz.300840,21.2500,21.4000,20.6300,20.8900,21.4500,4218278,88351956.5000,3,7.030500,1,-2.610700,69.412891,7.846036,87.972893,5.308566,0
2020-12-08,sz.300840,21.0000,21.1600,20.6700,20.6700,20.8900,2603800,54407305.0000,3,4.339700,1,-1.053100,68.681879,7.763406,87.046419,5.252660,0
2020-12-09,sz.300840,20.4800,20.9900,20.0000,20.0000,20.6700,3365978,69182855.4600,3,5.610000,1,-3.241400,66.455616,7.511762,84.224885,5.082400,0
2020-12-10,sz.300840,19.9700,20.8600,19.9700,20.5000,20.0000,3214605,65868797.0900,3,5.357700,1,2.500000,68.117007,7.699556,86.330507,5.209460,0
2020-12-11,sz.300840,20.6400,20.6500,19.4000,19.7300,20.5000,4309372,85630414.0600,3,7.182300,1,-3.756100,65.558466,7.410353,83.087849,5.013787,0
2020-12-14,sz.300840,20.1000,21.4300,19.9100,20.6400,19.7300,6390711,132632351.2100,3,10.651200,1,4.612300,68.582196,7.752139,86.920082,5.245036,0
2020-12-15,sz.300840,20.7000,21.9400,20.6200,20.6500,20.6400,9084885,192694752.4500,3,15.141500,1,0.048400,68.615424,7.755895,86.962194,5.247578,0
2020-12-16,sz.300840,20.3200,20.5600,19.2100,19.3500,20.6500,7505185,148621154.3800,3,12.508600,1,-6.295400,64.295809,7.267630,81.487577,4.917222,0
2020-12-17,sz.300840,18.3100,19.6000,18.3100,19.2800,19.3500,5590365,106241699.6200,3,9.317300,1,-0.361800,64.063214,7.241339,81.192789,4.899433,0
2020-12-18,sz.300840,19.3200,19.5000,18.6700,18.7700,19.2800,3796800,71987065.0000,3,6.328000,1,-2.645200,62.368596,7.049789,79.045055,4.769832,0
2020-12-21,sz.300840,18.8200,19.1500,18.3900,18.4900,18.7700,4081348,75850650.3900,3,6.802200,1,-1.491700,61.438217,6.944624,77.865906,4.698678,0
2020-12-22,sz.300840,18.8000,19.3000,18.4200,18.7600,18.4900,7116683,135233620.4700,3,11.861100,1,1.460200,62.335368,7.046033,79.002942,4.767291,0
2020-12-23,sz.300840,19.0600,19.9500,18.4100,18.5900,18.7600,6732061,127903614.0600,3,11.220100,1,-0.906200,61.770495,6.982183,78.287031,4.724090,0
2020-12-24,sz.300840,18.1400,18.3100,17.3800,17.4600,18.5900,7050631,124854637.0600,3,11.751100,1,-6.078500,58.015753,6.557768,73.528325,4.436935,0
2020-12-25,sz.300840,17.4100,18.1300,17.3900,17.6600,17.4600,4057490,72007081.2500,3,6.762500,1,1.145500,58.680309,6.632886,74.370574,4.487759,0
2020-12-28,sz.300840,17.9900,18.2800,17.4900,17.6100,17.6600,3318926,58913250.0000,3,5.531500,1,-0.283100,58.514170,6.614107,74.160012,4.475053,0
2020-12-29,sz.300840,17.4400,17.8300,17.0900,17.1000,17.6100,4069875,70903687.4500,3,6.783100,1,-2.896100,56.819552,6.422557,72.012277,4.345452,0
2020-12-30,sz.300840,17.1000,17.1800,16.7300,16.8400,17.1000,3763785,63755610.1500,3,6.273000,1,-1.520500,55.955629,6.324904,70.917353,4.279380,0
2020-12-31,sz.300840,16.8600,17.4600,16.8400,16.9200,16.8400,3908207,66877785.1500,3,6.513700,1,0.475100,56.221451,6.354951,71.254253,4.299710,0
2021-01-04,sz.300840,16.9200,17.3200,16.8600,17.2500,16.9200,3755411,64275389.3700,3,6.259000,1,1.950400,57.317969,6.478895,72.643964,4.383570,0
2021-01-05,sz.300840,17.2100,17.3800,16.7300,17.2900,17.2500,4347085,74215431.9500,3,7.245100,1,0.231900,57.450880,6.493918,72.812413,4.393734,0
2021-01-06,sz.300840,17.2800,17.9700,16.7400,17.6200,17.2900,6960592,121358463.0400,3,11.601000,1,1.908600,58.547398,6.617863,74.202124,4.477594,0
2021-01-07,sz.300840,17.2000,17.5000,16.0100,16.2100,17.6200,7386812,121359829.7800,3,12.311400,1,-8.002300,53.862277,6.088283,68.264270,4.119285,0
2021-01-08,sz.300840,15.9600,16.3400,15.4200,15.9200,16.2100,4396437,70189590.4400,3,7.327400,1,-1.789000,52.898671,5.979363,67.043009,4.045590,0
2021-01-11,sz.300840,16.1500,16.3800,15.0700,15.1500,15.9200,4921700,76140403.6600,3,8.202800,1,-4.836700,50.340129,5.690160,63.800351,3.849918,0
2021-01-12,sz.300840,14.9900,15.6300,14.5000,14.7400,15.1500,5227178,77702643.3300,3,8.712000,1,-2.706300,48.977789,5.536169,62.073740,3.745728,0
2021-01-13,sz.300840,14.8300,14.8300,13.7600,13.8000,14.7400,6110300,85817868.0000,3,10.183800,1,-6.377200,45.854375,5.183116,58.115171,3.506856,0
2021-01-14,sz.300840,14.0800,14.5000,13.8000,14.0900,13.8000,5188526,73456008.8200,3,8.647500,1,2.101400,46.817982,5.292037,59.336432,3.580550,0
2021-01-15,sz.300840,14.0300,15.4500,13.9800,15.0100,14.0900,7892864,117459719.9200,3,13.154800,1,6.529500,49.874940,5.637578,63.210776,3.814341,0
2021-01-18,sz.300840,15.0200,15.5500,14.9000,15.2600,15.0100,4956826,75645543.0200,3,8.261400,1,1.665600,50.705635,5.731475,64.263588,3.877871,0
2021-01-19,sz.300840,15.5500,15.9800,15.3100,15.9200,15.2600,5742752,90259550.6000,3,9.571300,1,4.325000,52.898671,5.979363,67.043009,4.045590,0
2021-01-20,sz.300840,15.8300,16.1800,15.3400,15.5100,15.9200,4266800,66693625.0000,3,7.111300,1,-2.575400,51.536330,5.825372,65.316399,3.941401,0
2021-01-21,sz.300840,15.6500,15.8800,15.2900,15.5000,15.5100,3238116,50380829.9300,3,5.396900,1,-0.064500,51.503103,5.821616,65.274286,3.938860,0
2021-01-22,sz.300840,15.6000,15.6300,15.0900,15.2000,15.5000,2923942,44540651.1600,3,4.873200,1,-1.935500,50.506268,5.708939,64.010913,3.862624,0
2021-01-25,sz.300840,15.5000,15.5500,14.5200,14.6800,15.2000,2968200,43825153.7400,3,4.947000,1,-3.421100,48.778422,5.513634,61.821066,3.730481,0
2021-01-26,sz.300840,14.6600,15.0500,14.4600,14.5400,14.6800,2385900,35174673.0000,3,3.976500,1,-0.953700,48.313233,5.461051,61.231492,3.694904,0
2021-01-27,sz.300840,14.5000,14.9400,14.3800,14.7000,14.5400,2384226,34886054.5200,3,3.973700,1,1.100400,48.844878,5.521145,61.905291,3.735564,0
2021-01-28,sz.300840,14.3300,15.2500,14.3300,14.3700,14.7000,3549785,52540241.4500,3,5.916300,1,-2.244900,47.748360,5.397201,60.515580,3.651704,0
2021-01-29,sz.300840,14.4500,14.6300,14.0000,14.3100,14.3700,2641815,37655264.2000,3,4.403000,1,-0.417500,47.548993,5.374666,60.262905,3.636457,0
2021-02-01,sz.300840,14.2900,14.9500,14.1400,14.9500,14.3100,3218712,47226117.4700,3,5.364500,1,4.472400,49.675573,5.615042,62.958102,3.799094,0
2021-02-02,sz.300840,14.8800,15.0900,14.6000,14.6400,14.9500,2485200,36758220.4400,3,4.142000,1,-2.073600,48.645511,5.498610,61.652616,3.720316,0
2021-02-03,sz.300840,14.6400,14.6400,13.7500,13.8100,14.6400,2820485,39593423.0500,3,4.700800,1,-5.669400,45.887603,5.186872,58.157283,3.509397,0
2021-02-04,sz.300840,13.6900,13.8300,12.8000,13.0800,13.8100,2928426,38760312.5600,3,4.880700,1,-5.286000,43.461973,4.912693,55.083075,3.323889,0
2021-02-05,sz.300840,13.0800,13.5000,12.8800,12.8800,13.0800,1863900,24580334.0000,3,3.106500,1,-1.529100,42.797417,4.837575,54.240826,3.273065,0
2021-02-08,sz.300840,13.0500,13.5500,12.8800,12.9200,12.8800,1913182,25196113.9800,3,3.188600,1,0.310600,42.930328,4.852598,54.409276,3.283230,0
2021-02-09,sz.300840,12.7200,13.2400,12.5500,13.0000,12.9200,2031615,26250259.9300,3,3.386000,1,0.619200,43.196151,4.882645,54.746175,3.303560,0
2021-02-10,sz.300840,13.1100,13.3500,13.0500,13.1700,13.0000,1544726,20349345.9400,3,2.574500,1,1.307700,43.761023,4.946495,55.462087,3.346760,0
2021-02-18,sz.300840,13.4000,13.6700,13.2100,13.4900,13.1700,2025685,27339736.1400,3,3.376100,1,2.429800,44.824313,5.066684,56.809685,3.428078,0
2021-02-19,sz.300840,13.5200,13.8800,13.4500,13.8400,13.4900,2275485,31100828.5500,3,3.792500,1,2.594500,45.987287,5.198139,58.283621,3.517020,0
2021-02-22,sz.300840,13.7700,14.2800,13.7000,14.1300,13.8400,2834116,39812115.6000,3,4.723500,1,2.095400,46.950893,5.307060,59.504882,3.590715,0
2021-02-23,sz.300840,13.9200,14.1600,13.6000,13.7100,14.1300,2197299,30322232.2900,3,3.662200,1,-2.972400,45.555325,5.149313,57.736159,3.483985,0
2021-02-24,sz.300840,13.6600,14.0600,13.6500,13.8800,13.7100,2006195,27863418.1500,3,3.343700,1,1.240000,46.120198,5.213163,58.452070,3.527185,0
2021-02-25,sz.300840,13.8800,15.9300,13.6900,14.8600,13.8800,9295074,139305540.3700,3,15.491800,1,7.060500,49.376523,5.581239,62.579090,3.776223,0
2021-02-26,sz.300840,14.6800,15.3300,14.3300,15.2800,14.8600,8039704,121087396.2000,3,13.399500,1,2.826400,50.772091,5.738986,64.347812,3.882953,0
2021-03-01,sz.300840,15.0800,15.2800,14.5900,14.9300,15.2800,5893611,87525936.5400,3,9.822700,1,-2.290600,49.609118,5.607531,62.873877,3.794011,0
2021-03-02,sz.300840,14.8700,14.9300,14.1900,14.4300,14.9300,4318170,62595798.7000,3,7.197000,1,-3.349000,47.947727,5.419736,60.768255,3.666951,0
2021-03-03,sz.300840,14.1600,14.4600,14.0800,14.3300,14.4300,3040600,43338108.0000,3,5.067700,1,-0.693000,47.615449,5.382178,60.347130,3.641539,0
2021-03-04,sz.300840,14.3900,14.5700,13.4700,13.5100,14.3300,4798600,66757181.1100,3,7.997700,1,-5.722300,44.890769,5.074195,56.893910,3.433161,0
2021-03-05,sz.300840,13.3400,14.8800,13.2800,14.5300,13.5100,7011070,99064530.2000,3,11.685100,1,7.550000,48.280005,5.457295,61.189379,3.692363,0
2021-03-08,sz.300840,14.4000,14.8000,14.0100,14.0700,14.5300,3723500,53494818.0000,3,6.205800,1,-3.165900,46.751526,5.284525,59.252207,3.575468,0
2021-03-09,sz.300840,14.0800,15.0900,13.9100,15.0200,14.0700,8622270,126480552.6000,3,14.370500,1,6.752000,49.908168,5.641333,63.252889,3.816882,0
2021-03-10,sz.300840,14.8900,15.1900,14.4000,14.8400,15.0200,6944244,102525949.0300,3,11.573700,1,-1.198400,49.310067,5.573728,62.494865,3.771140,0
2021-03-11,sz.300840,14.7300,14.8400,13.8200,14.5000,14.8400,5991855,85383017.7800,3,9.986400,1,-2.291100,48.180322,5.446028,61.063042,3.684740,0
2021-03-12,sz.300840,14.2400,14.4000,13.7100,13.9000,14.5000,5135116,71581769.5600,3,8.558500,1,-4.137900,46.186653,5.220675,58.536295,3.532268,0
2021-03-15,sz.300840,13.7800,13.8700,13.3600,13.6000,13.9000,2780585,37671610.8300,3,4.634300,1,-2.158300,45.189819,5.107998,57.272922,3.456032,0
2021-03-16,sz.300840,13.5100,13.8100,13.5000,13.6000,13.6000,2220400,30247029.5600,3,3.700700,1,0.000000,45.189819,5.107998,57.272922,3.456032,0
2021-03-17,sz.300840,13.6400,14.5600,13.4100,14.2800,13.6000,6063212,85477480.3200,3,10.105400,1,5.000000,47.449310,5.363398,60.136568,3.628833,0
2021-03-18,sz.300840,14.8200,16.1200,14.5600,14.6000,14.2800,10639085,161153537.6000,3,17.731800,1,2.240900,48.512600,5.483586,61.484166,3.710152,0
2021-03-19,sz.300840,14.4300,17.2500,14.4300,16.1300,14.6000,20159030,322904821.7900,3,33.598400,1,10.479500,53.596455,6.058236,67.927370,4.098955,0
2021-03-22,sz.300840,15.9000,16.1300,15.5400,15.7300,16.1300,12955101,204304824.3000,3,21.591800,1,-2.479900,52.267342,5.908001,66.242872,3.997307,0
2021-03-23,sz.300840,15.6600,15.7800,14.7800,14.9300,15.7300,8767100,133064345.8800,3,14.611800,1,-5.085800,49.609118,5.607531,62.873877,3.794011,0
2021-03-24,sz.300840,14.8600,15.6800,14.8200,15.3300,14.9300,8801223,133943882.8100,3,14.668700,1,2.679200,50.938230,5.757766,64.558375,3.895659,0
2021-03-25,sz.300840,16.7500,16.8900,15.4500,15.5100,15.3300,11158764,178825993.9200,3,18.597900,1,1.174200,51.536330,5.825372,65.316399,3.941401,0
2021-03-26,sz.300840,15.3900,16.9800,15.3900,16.1500,15.5100,12223675,198340919.3600,3,20.372800,1,4.126400,53.662910,6.065748,68.011595,4.104038,0
2021-03-29,sz.300840,15.9500,16.2700,15.5000,15.7700,16.1500,9012326,142196560.4200,3,15.020500,1,-2.352900,52.400253,5.923025,66.411322,4.007472,0
2021-03-30,sz.300840,15.6000,15.6900,14.8400,15.0400,15.7700,7842526,118786643.6700,3,13.070900,1,-4.629000,49.974623,5.648845,63.337114,3.821964,0
2021-03-31,sz.300840,14.9100,15.2200,14.6500,14.9700,15.0400,4899100,72629954.0000,3,8.165200,1,-0.465400,49.742029,5.622554,63.042327,3.804176,0
2021-04-01,sz.300840,14.9600,15.1000,14.5000,14.5200,14.9700,4514419,66125341.8800,3,7.524000,1,-3.006000,48.246777,5.453539,61.147267,3.689822,0
2021-04-02,sz.300840,14.4200,15.0500,14.1400,14.9600,14.5200,6427519,93869942.3000,3,10.712500,1,3.030300,49.708801,5.618798,63.000214,3.801635,0
2021-04-06,sz.300840,14.8000,15.9500,14.7100,15.8200,14.9600,8849245,136744836.6000,3,14.748700,1,5.748700,52.566393,5.941804,66.621884,4.020178,0
2021-04-07,sz.300840,15.6400,17.0000,15.5500,16.9900,15.8200,11977226,195778722.4400,3,19.962000,1,7.395700,56.454046,6.381242,71.549040,4.317498,0
2021-04-08,sz.300840,16.8100,17.1000,16.2700,17.0600,16.9900,9078426,150568000.7000,3,15.130700,1,0.412000,56.686641,6.407533,71.843827,4.335287,0
2021-04-09,sz.300840,17.1400,19.3000,16.5200,17.2000,17.0600,17697400,315628543.9100,3,29.495700,1,0.820600,57.151830,6.460116,72.433401,4.370864,0
2021-04-12,sz.300840,16.4900,17.8900,16.0600,16.4000,17.2000,12244926,204438325.7800,3,20.408200,1,-4.651200,54.493605,6.159645,69.064406,4.167568,0
2021-04-13,sz.300840,16.6100,16.8000,15.6400,15.8400,16.4000,8962781,144808945.7100,3,14.938000,1,-3.414600,52.632848,5.949316,66.706109,4.025260,0
2021-04-14,sz.300840,15.7000,15.8500,15.3000,15.7500,15.8400,5677381,88663047.0800,3,9.462300,1,-0.568200,52.333798,5.915513,66.327097,4.002390,0
2021-04-15,sz.300840,15.7000,15.8500,15.0500,15.0600,15.7500,5385547,82046137.0800,3,8.975900,1,-4.381000,50.041079,5.656357,63.421339,3.827047,0
2021-04-16,sz.300840,15.0000,16.0100,14.9800,15.7700,15.0600,5385100,83886621.0000,3,8.975200,1,4.714500,52.400253,5.923025,66.411322,4.007472,0
2021-04-19,sz.300840,15.7700,16.0000,15.5000,15.6600,15.7700,4554091,71505034.2500,3,7.590200,1,-0.697500,52.034748,5.881710,65.948085,3.979519,0
2021-04-20,sz.300840,15.6500,16.2500,15.2700,15.3600,15.6600,5411300,84948853.0000,3,9.018800,1,-1.915700,51.037913,5.769033,64.684712,3.903283,0
2021-04-21,sz.300840,15.2300,15.8400,15.1300,15.5700,15.3600,4291491,66373440.6500,3,7.152500,1,1.367200,51.735697,5.847907,65.569073,3.956648,0
2021-04-22,sz.300840,15.5000,15.7300,15.2300,15.2500,15.5700,3479885,53564914.1500,3,5.799800,1,-2.055200,50.672407,5.727719,64.221475,3.875330,0
2021-04-23,sz.300840,15.2700,15.3000,14.7300,14.8000,15.2500,3582500,53463712.0000,3,5.970800,1,-2.950800,49.177156,5.558704,62.326415,3.760976,0
2021-04-26,sz.300840,14.5500,14.5500,13.9500,14.0200,14.8000,4737000,67040159.0000,3,7.895000,1,-5.270300,69.880354,5.095304,160.702980,3.482524,0
2021-04-27,sz.300840,14.0100,14.3600,13.8300,14.2300,14.0200,3073726,43461262.9000,3,5.122900,1,1.497900,70.927064,5.171624,163.110086,3.534687,0
2021-04-28,sz.300840,14.1300,14.2000,13.8200,13.8800,14.2300,2526452,35337524.3200,3,4.210800,1,-2.459600,69.182548,5.044424,159.098243,3.447748,0
2021-04-29,sz.300840,13.8100,14.0600,13.3300,13.3500,13.8800,3021700,41329547.0000,3,5.036200,1,-3.818400,66.540851,4.851805,153.023166,3.316098,0
2021-04-30,sz.300840,13.3700,13.6300,13.2600,13.5600,13.3500,2016900,27141608.0000,3,3.361500,1,1.573000,67.587561,4.928126,155.430272,3.368261,0
2021-05-06,sz.300840,13.6200,13.8700,13.5000,13.7000,13.5600,1670566,23001574.9400,3,2.784300,1,1.032400,68.285368,4.979006,157.035009,3.403037,0
2021-05-07,sz.300840,13.8000,13.8300,13.3500,13.3900,13.7000,1970500,26519002.0000,3,3.284200,1,-2.262800,66.740224,4.866342,153.481662,3.326033,0
2021-05-10,sz.300840,13.4000,13.4500,13.0800,13.1400,13.3900,1401652,18557229.4400,3,2.336100,1,-1.867100,65.494141,4.775485,150.616060,3.263934,0
2021-05-11,sz.300840,13.1500,13.4200,13.1400,13.3300,13.1400,1304496,17351272.5200,3,2.174200,1,1.446000,66.441164,4.844536,152.793918,3.311130,0
2021-05-12,sz.300840,13.3300,13.5900,13.1700,13.5000,13.3300,1708796,22796220.1200,3,2.848000,1,1.275300,67.288501,4.906320,154.742527,3.353357,0
2021-05-13,sz.300840,13.3300,13.7500,13.3200,13.5000,13.5000,1752172,23703682.4700,3,2.920300,1,0.000000,67.288501,4.906320,154.742527,3.353357,0
2021-05-14,sz.300840,13.9400,14.3100,13.8400,13.8600,13.5000,3195500,44897789.0000,3,5.325800,1,2.666700,69.082861,5.037155,158.868995,3.442780,0
2021-05-17,sz.300840,13.6500,13.9500,13.3300,13.8400,13.8600,2606600,35426959.0000,3,4.344300,1,-0.144300,68.983174,5.029886,158.639746,3.437812,0
2021-05-18,sz.300840,13.7700,13.9300,13.6100,13.6800,13.8400,1607000,22076244.0000,3,2.678300,1,-1.156100,68.185681,4.971737,156.805761,3.398069,0
2021-05-19,sz.300840,13.7800,13.8100,13.4000,13.4100,13.6800,1837400,24890645.0000,3,3.062300,1,-1.973700,66.839911,4.873611,153.710910,3.331001,0
2021-05-20,sz.300840,13.3800,13.4700,13.1500,13.2100,13.4100,1500700,19877151.0000,3,2.501200,1,-1.491400,65.843044,4.800925,151.418428,3.281322,0
2021-05-21,sz.300840,13.2100,13.7000,13.2100,13.4100,13.2100,1908300,25734236.0000,3,3.180500,1,1.514000,66.839911,4.873611,153.710910,3.331001,0
2021-05-24,sz.300840,13.3100,13.5600,13.3000,13.5300,13.4100,1179291,15873015.1100,3,1.965500,1,0.894900,67.438031,4.917223,155.086399,3.360809,0
2021-05-25,sz.300840,13.6500,13.6500,13.4000,13.5600,13.5300,1605852,21685785.3800,3,2.676400,1,0.221700,67.587561,4.928126,155.430272,3.368261,0
2021-05-26,sz.300840,13.5700,15.1000,13.5100,14.4400,13.5600,6236000,89361104.0000,3,10.393400,1,6.489700,71.973774,5.247945,165.517192,3.586850,0
2021-05-27,sz.300840,14.4500,14.4500,14.0000,14.1600,14.4400,4119885,58299932.6000,3,6.866500,1,-1.939100,70.578161,5.146184,162.307717,3.517299,0
2021-05-28,sz.300840,14.1000,14.5500,14.1000,14.3200,14.1600,3434076,49155346.8100,3,5.723500,1,1.129900,71.375654,5.204333,164.141703,3.557043,0
2021-05-31,sz.300840,14.4100,14.9700,14.3800,14.8800,14.3200,5926976,87541390.0800,3,9.878300,1,3.910600,74.166881,5.407855,170.560652,3.696145,0
2021-06-01,sz.300840,15.0000,15.5000,14.7300,14.7400,14.8800,7589834,114452979.1100,3,12.649700,1,-0.940900,73.469074,5.356974,168.955915,3.661369,0
2021-06-02,sz.300840,14.5300,15.4400,14.5300,15.2500,14.7400,8004076,121090963.4200,3,13.340100,1,3.460000,76.011084,5.542324,174.801744,3.788052,0
2021-06-03,sz.300840,14.7700,14.9800,14.3600,14.5000,15.2500,6227589,91199041.0000,3,10.379300,1,-4.918000,72.272834,5.269751,166.204937,3.601754,0
2021-06-04,sz.300840,14.3900,14.5900,14.0300,14.2100,14.5000,3710891,52825386.6000,3,6.184800,1,-2.000000,70.827378,5.164356,162.880838,3.529719,0
2021-06-07,sz.300840,14.2000,14.2600,14.0100,14.1800,14.2100,2119400,29855616.0000,3,3.532300,1,-0.211100,70.677848,5.153453,162.536966,3.522267,0
2021-06-08,sz.300840,14.2000,14.6300,14.0600,14.3600,14.1800,3036891,43398047.8400,3,5.061500,1,1.269400,71.575028,5.218870,164.600199,3.566978,0
2021-06-09,sz.300840,14.2300,14.2700,13.8500,13.9400,14.3600,3079191,43304493.0800,3,5.132000,1,-2.924800,69.481608,5.066229,159.785987,3.462652,0
2021-06-10,sz.300840,13.9400,14.5300,13.8100,14.3600,13.9200,4030591,57256899.0900,3,6.717700,1,3.160900,71.575028,5.218870,164.600199,3.566978,0
2021-06-11,sz.300840,15.4100,17.0200,15.2200,15.2500,14.3600,15035596,237945898.5300,3,25.059400,1,6.197800,76.011084,5.542324,174.801744,3.788052,0
2021-06-15,sz.300840,14.9600,15.9800,14.7300,15.5300,15.2500,10064996,154937835.5800,3,16.775000,1,1.836100,77.406698,5.644085,178.011218,3.857603,0
2021-06-16,sz.300840,15.0500,15.3300,14.3100,14.4900,15.5300,7746526,113694875.6200,3,12.910900,1,-6.696700,72.222991,5.266117,166.090312,3.599270,0
2021-06-17,sz.300840,14.4700,14.7300,14.3200,14.5600,14.4900,3615726,52591811.9600,3,6.026200,1,0.483100,72.571894,5.291557,166.892681,3.616658,0
2021-06-18,sz.300840,14.3500,14.6800,14.0300,14.6400,14.5600,4123526,58991990.0400,3,6.872600,1,0.549500,72.970641,5.320631,167.809674,3.636530,0
2021-06-21,sz.300840,14.3700,14.9000,14.3300,14.8000,14.6400,3777526,55291204.9400,3,6.295900,1,1.092900,73.768134,5.378780,169.643659,3.676273,0
2021-06-22,sz.300840,14.8100,15.3300,14.7000,14.8500,14.8000,4225200,63366206.0000,3,7.042000,1,0.337800,74.017351,5.396952,170.216780,3.688693,0
2021-06-23,sz.300840,14.7600,15.1000,14.5500,15.0600,14.8500,3573726,52974699.5000,3,5.956200,1,1.414100,75.064061,5.473272,172.623886,3.740856,0
2021-06-24,sz.300840,15.0600,15.0900,14.3900,14.4600,15.0600,3565717,52119428.3300,3,5.942900,1,-3.984100,72.073461,5.255214,165.746440,3.591818,0
2021-06-25,sz.300840,14.5000,15.1800,14.3000,14.9700,14.4600,5359658,79891634.8000,3,8.932800,1,3.527000,74.615471,5.440563,171.592269,3.718500,0
2021-06-28,sz.300840,14.8000,14.8900,14.5400,14.5800,14.9700,3379867,49533129.5900,3,5.633100,1,-2.605200,72.671581,5.298825,167.121929,3.621626,0
2021-06-29,sz.300840,14.6000,15.2300,14.3100,14.8700,14.5800,5193026,76488976.8200,3,8.655100,1,1.989000,74.117038,5.404220,170.446028,3.693661,0
2021-06-30,sz.300840,15.0200,15.0900,14.4800,14.6800,14.8700,3634126,53334201.5600,3,6.056900,1,-1.277700,73.170014,5.335168,168.268170,3.646465,0
2021-07-01,sz.300840,14.5500,15.6500,14.3800,15.3000,14.6800,10733818,163253010.5400,3,17.889700,1,4.223400,76.260301,5.560496,175.374864,3.800471,0
2021-07-02,sz.300840,15.0300,15.4600,14.7100,15.0200,15.3000,6649452,99903600.1200,3,11.082400,1,-1.830100,74.864688,5.458735,172.165389,3.730920,0
2021-07-05,sz.300840,15.0100,15.1400,14.4000,14.6500,15.0200,5283926,77363027.9600,3,8.806600,1,-2.463400,73.020484,5.324265,167.924298,3.639013,0
2021-07-06,sz.300840,14.5000,14.5000,13.7000,13.7600,14.6500,5882300,81861581.0000,3,9.803800,1,-6.075100,68.584428,5.000812,157.722754,3.417940,0
2021-07-07,sz.300840,13.6900,14.1000,13.6200,13.8400,13.7600,2905952,40223290.3000,3,4.843300,1,0.581400,68.983174,5.029886,158.639746,3.437812,0
2021-07-08,sz.300840,13.6200,13.8500,13.3300,13.3600,13.8400,4040552,54556055.2600,3,6.734300,1,-3.468200,66.590694,4.855439,153.137790,3.318582,0
2021-07-09,sz.300840,13.3100,13.5300,13.2500,13.4100,13.3600,2085700,27881272.0000,3,1.351600,1,0.374300,66.839911,4.873611,153.710910,3.331001,0
2021-07-12,sz.300840,13.5400,13.6700,13.4000,13.6300,13.4100,1964389,26655208.1800,3,1.273000,1,1.640600,67.936464,4.953566,156.232640,3.385649,0
2021-07-13,sz.300840,13.7000,13.7700,13.4900,13.6600,13.6300,2339258,31872405.5900,3,1.515900,1,0.220100,68.085994,4.964469,156.576513,3.393101,0
2021-07-14,sz.300840,13.6300,13.7700,13.5500,13.6700,13.6600,1625800,22244419.0000,3,1.053600,1,0.073200,68.135838,4.968103,156.691137,3.395585,0
2021-07-15,sz.300840,13.6700,14.3600,13.6600,13.9600,13.6700,3369926,47166386.6800,3,2.183800,1,2.121400,69.581294,5.073498,160.015235,3.467620,0
2021-07-16,sz.300840,13.7800,13.7800,13.4500,13.4500,13.9600,2622600,35591618.0000,3,1.699500,1,-3.653300,67.039284,4.888148,154.169407,3.340937,0
2021-07-19,sz.300840,13.5000,13.5500,13.2100,13.2600,13.4500,1468600,19520170.0000,3,0.951700,1,-1.412600,66.092261,4.819096,151.991549,3.293742,0
2021-07-20,sz.300840,13.1800,13.3900,13.1100,13.3600,13.2600,1137685,15101728.6500,3,0.737300,1,0.754100,66.590694,4.855439,153.137790,3.318582,0
2021-07-21,sz.300840,13.4400,13.4800,13.2800,13.3900,13.3600,1364526,18231730.0600,3,0.884300,1,0.224600,66.740224,4.866342,153.481662,3.326033,0
2021-07-22,sz.300840,13.4000,13.4000,13.0800,13.1800,13.3900,2601911,34254085.9900,3,1.686100,1,-1.568300,65.693514,4.790022,151.074556,3.273870,0
2021-07-23,sz.300840,13.2100,13.2300,12.6800,12.7100,13.1800,2860900,36758089.2200,3,1.854000,1,-3.566000,63.350877,4.619209,145.687224,3.157124,0
2021-07-26,sz.300840,12.6100,12.8300,12.5400,12.5500,12.7100,1342100,16974116.0000,3,0.869700,1,-1.258900,62.553384,4.561060,143.853238,3.117380,0
2021-07-27,sz.300840,12.5500,12.6600,12.1700,12.2200,12.5500,1925326,23747489.2000,3,1.247700,1,-2.629500,60.908554,4.441128,140.070643,3.035409,0
2021-07-28,sz.300840,12.2200,12.6500,11.6900,12.3300,12.2200,2224433,26928359.1000,3,1.441500,1,0.900200,61.456831,4.481105,141.331508,3.062733,0
2021-07-29,sz.300840,12.3000,12.4400,12.1800,12.4400,12.3300,1369400,16952082.0000,3,0.887400,1,0.892100,62.005107,4.521083,142.592373,3.090057,0
2021-07-30,sz.300840,12.3000,12.8500,12.1700,12.6000,12.4400,2207759,27580249.3800,3,1.430700,1,1.286200,62.802601,4.579232,144.426359,3.129800,0
2021-08-02,sz.300840,12.5000,12.8600,12.3200,12.8000,12.6000,1996711,25234873.3400,3,1.293900,1,1.587300,63.799467,4.651918,146.718841,3.179479,0
2021-08-03,sz.300840,12.8000,13.1200,12.7300,12.8500,12.8000,2654385,34363523.8800,3,1.720100,1,0.390600,64.048684,4.670090,147.291961,3.191899,0
2021-08-04,sz.300840,12.7500,13.0000,12.7300,12.8300,12.8500,1341059,17225543.7400,3,0.869000,1,-0.155600,63.948997,4.662821,147.062713,3.186931,0
2021-08-05,sz.300840,12.6600,12.9800,12.4000,12.4000,12.8300,1692500,21267397.0500,3,1.096800,1,-3.351500,61.805734,4.506546,142.133877,3.080121,0
2021-08-06,sz.300840,12.5000,12.5000,12.2500,12.3200,12.4000,912700,11261693.0000,3,0.591500,1,-0.645200,61.406987,4.477471,141.216884,3.060249,0
2021-08-09,sz.300840,12.2600,12.7000,12.2600,12.6300,12.3200,1516200,19051598.0000,3,0.982500,1,2.516200,62.952131,4.590135,144.770231,3.137252,0
2021-08-10,sz.300840,12.6800,12.8300,12.5100,12.7400,12.6300,1858885,23542093.4800,3,1.204600,1,0.870900,63.500407,4.630112,146.031096,3.164576,0
2021-08-11,sz.300840,12.7400,12.7900,12.6300,12.7000,12.7400,1211885,15388601.5000,3,0.785300,1,-0.314000,63.301034,4.615575,145.572600,3.154640,0
2021-08-12,sz.300840,12.7100,12.8000,12.6800,12.7500,12.7000,1166169,14878918.3700,3,0.755700,1,0.393700,63.550251,4.633746,146.145720,3.167060,0
2021-08-13,sz.300840,12.7500,12.8300,12.5500,12.5600,12.7500,1340270,16968928.8000,3,0.868500,1,-1.490200,62.603227,4.564695,143.967862,3.119864,0
2021-08-16,sz.300840,12.5600,12.7900,12.4900,12.7400,12.5600,1469422,18611926.5600,3,0.952200,1,1.433100,63.500407,4.630112,146.031096,3.164576,0
2021-08-17,sz.300840,12.7000,12.9700,12.6000,12.7000,12.7400,2637726,33759715.7600,3,1.709300,1,-0.314000,63.301034,4.615575,145.572600,3.154640,0
2021-08-18,sz.300840,12.7500,12.7600,12.3500,12.5700,12.7000,1409400,17710019.0000,3,0.913300,1,-1.023600,62.653071,4.568329,144.082486,3.122348,0
2021-08-19,sz.300840,12.5700,12.6500,12.4100,12.4200,12.5700,1211200,15140608.0000,3,0.784900,1,-1.193300,61.905421,4.513814,142.363125,3.085089,0
2021-08-20,sz.300840,12.4200,12.4200,11.9600,12.0500,12.4200,1522600,18509371.0000,3,0.986700,1,-2.979100,60.061217,4.379345,138.122033,2.993182,0
2021-08-23,sz.300840,12.0900,12.4700,12.0900,12.4200,12.0500,1377469,17044842.2900,3,0.892600,1,3.070500,61.905421,4.513814,142.363125,3.085089,0
2021-08-24,sz.300840,12.6000,12.6000,12.3100,12.3900,12.4200,973300,12091131.0000,3,0.630700,1,-0.241500,61.755891,4.502911,142.019253,3.077637,0
2021-08-25,sz.300840,12.4500,12.5500,12.3000,12.3800,12.3900,1204300,14915451.0000,3,0.780400,1,-0.080700,61.706047,4.499277,141.904629,3.075153,0
2021-08-26,sz.300840,12.3800,12.4500,12.1300,12.1500,12.3800,1233026,15066797.6400,3,0.799000,1,-1.857800,60.559651,4.415688,139.268274,3.018021,0
2021-08-27,sz.300840,12.1500,12.1800,11.9600,11.9900,12.1500,1158500,13927274.0000,3,0.750700,1,-1.316900,59.762157,4.357539,137.434289,2.978278,0
2021-08-30,sz.300840,12.0200,12.0600,11.6100,11.6400,11.9900,1735026,20443536.8600,3,1.124400,1,-2.919100,93.410378,5.123147,-90.920159,2.864803,0
2021-08-31,sz.300840,11.5600,11.7300,11.4600,11.6300,11.6400,1295426,14993600.6800,3,0.839500,1,-0.085900,93.330128,5.118746,-90.842049,2.862342,0
2021-09-01,sz.300840,11.7500,11.8000,11.4400,11.7800,11.6300,1364826,15877587.4700,3,0.884500,1,1.289800,94.533870,5.184765,-92.013700,2.899259,0
2021-09-02,sz.300840,11.7700,11.9100,11.6200,11.8000,11.7800,1163703,13700698.5800,3,0.754100,1,0.169800,94.694369,5.193568,-92.169920,2.904182,0
2021-09-03,sz.300840,11.8500,12.0300,11.7400,11.9100,11.8000,1334803,15874628.8800,3,0.865000,1,0.932200,95.577113,5.241983,-93.029131,2.931255,0
2021-09-06,sz.300840,11.8600,12.2400,11.8600,12.1300,11.9100,1642000,19887024.0000,3,1.064100,1,1.847200,97.342602,5.338812,-94.747554,2.985400,0
2021-09-07,sz.300840,12.1500,12.1500,11.9900,12.1000,12.1300,976100,11765177.0000,3,0.632500,1,-0.247300,97.101853,5.325608,-94.513223,2.978017,0
2021-09-08,sz.300840,12.0300,12.2100,12.0300,12.1900,12.1000,1170405,14206741.1500,3,0.758500,1,0.743800,97.824098,5.365220,-95.216214,3.000167,0
2021-09-09,sz.300840,12.1100,12.1700,11.9400,11.9700,12.1900,1365769,16436467.7600,3,0.885100,1,-1.804800,96.058610,5.268391,-93.497792,2.946022,0
2021-09-10,sz.300840,11.9800,12.0400,11.8200,11.8400,11.9700,1339885,15939717.6600,3,0.868300,1,-1.086000,95.015367,5.211173,-92.482361,2.914026,0
2021-09-13,sz.300840,11.8000,12.1500,11.7500,11.9900,11.8400,1161101,13858789.8100,3,0.752400,1,1.266900,96.219109,5.277193,-93.654012,2.950944,0
2021-09-14,sz.300840,12.0600,12.1400,11.7500,11.8300,11.9900,1129164,13467879.7200,3,0.731700,1,-1.334400,94.935118,5.206772,-92.404251,2.911565,0
2021-09-15,sz.300840,11.7500,11.8300,11.6000,11.7800,11.8300,854464,10032712.8400,3,0.553700,1,-0.422700,94.533870,5.184765,-92.013700,2.899259,0
2021-09-16,sz.300840,11.8000,11.8800,11.5300,11.5800,11.7800,996468,11649134.4800,3,0.645700,1,-1.697800,92.928881,5.096739,-90.451498,2.850036,0
2021-09-17,sz.300840,11.6400,11.8000,11.4400,11.6900,11.5800,1033511,11994683.3400,3,0.669700,1,0.949900,93.811625,5.145153,-91.310709,2.877109,0
2021-09-22,sz.300840,11.6000,11.7500,11.5100,11.6200,11.6900,817200,9508318.9300,3,0.529600,1,-0.598800,93.249879,5.114344,-90.763938,2.859881,0
2021-09-23,sz.300840,11.6400,12.0600,11.6200,11.9200,11.6200,1669953,19844602.2600,3,1.082200,1,2.581800,95.657363,5.246384,-93.107241,2.933716,0
2021-09-24,sz.300840,11.9200,11.9900,11.6800,11.7200,11.9200,1171252,13798857.0000,3,0.759000,1,-1.677900,94.052373,5.158357,-91.545039,2.884492,0
2021-09-27,sz.300840,11.9000,12.0300,11.6100,11.6700,11.7200,1265116,14914138.8300,3,0.819800,1,-0.426600,93.651126,5.136351,-91.154489,2.872187,0
2021-09-28,sz.300840,11.9500,12.9300,11.9500,12.2700,11.6700,4738410,59131966.7800,3,3.070600,1,5.141400,98.466094,5.400431,-95.841095,3.019857,0
2021-09-29,sz.300840,11.8000,11.9700,11.7000,11.8100,12.2700,2897720,34268521.0800,3,1.877800,1,-3.749000,94.774619,5.197969,-92.248030,2.906643,0
2021-09-30,sz.300840,11.7900,11.9100,11.6800,11.7600,11.8100,1364884,16110817.9600,3,0.884500,1,-0.423400,94.373371,5.175963,-91.857480,2.894337,0
2021-10-08,sz.300840,11.8600,12.8800,11.7600,12.4800,11.7600,4879600,60377610.7400,3,3.162100,1,6.122400,100.151333,5.492858,-97.481407,3.071541,0
2021-10-11,sz.300840,12.2700,12.8200,12.2100,12.7700,12.4800,4884952,61596310.6600,3,3.165600,1,2.323700,102.478567,5.620497,-99.746600,3.142915,0
2021-10-12,sz.300840,12.7000,12.9900,12.4400,12.4800,12.7700,4318526,54960352.1800,3,2.798500,1,-2.270900,100.151333,5.492858,-97.481407,3.071541,0
2021-10-13,sz.300840,12.4800,12.8800,12.3600,12.5500,12.4800,3248526,41036510.7800,3,2.105100,1,0.560900,100.713079,5.523668,-98.028178,3.088770,0
2021-10-14,sz.300840,12.4700,13.1400,12.4000,13.0700,12.5500,6079900,78092666.0000,3,3.940000,1,4.143400,104.886051,5.752537,-102.089903,3.216750,0
2021-10-15,sz.300840,12.9400,13.0500,12.6100,12.7600,13.0700,3834885,49042356.6500,3,2.485100,1,-2.371800,102.398318,5.616096,-99.668490,3.140454,0
2021-10-18,sz.300840,12.6700,12.8600,12.4800,12.5800,12.7600,2640726,33288376.7800,3,1.711300,1,-1.410700,100.953827,5.536872,-98.262508,3.096153,0
2021-10-19,sz.300840,12.4400,12.8800,12.3000,12.5600,12.5800,3558700,44585255.0000,3,2.306200,1,-0.159000,100.793329,5.528069,-98.106288,3.091231,0
2021-10-20,sz.300840,12.4600,12.4700,12.1400,12.1700,12.5600,2841900,34855009.4400,3,1.841600,1,-3.105100,97.663599,5.356417,-95.059994,2.995245,0
2021-10-21,sz.300840,12.1700,12.3800,12.0300,12.0400,12.1700,1729000,21079277.2000,3,1.120400,1,-1.068200,96.620356,5.299200,-94.044563,2.963250,0
2021-10-22,sz.300840,12.0000,12.1400,11.7900,11.8500,12.0400,1943620,23226849.8900,3,1.259500,1,-1.578100,95.095617,5.215575,-92.560471,2.916488,0
2021-10-25,sz.300840,11.7600,11.9500,11.6300,11.8600,11.8500,1121361,13198716.0400,3,0.726700,1,0.084400,95.175866,5.219976,-92.638581,2.918949,0
2021-10-26,sz.300840,11.9100,11.9100,11.1500,11.2100,11.8600,3130302,35899369.9000,3,2.028500,1,-5.480600,89.959651,4.933890,-87.561424,2.758973,0
2021-10-27,sz.300840,11.1800,11.2300,10.9200,10.9900,11.2100,1878485,20779402.3500,3,1.217300,1,-1.962500,88.194162,4.837060,-85.843002,2.704827,0
2021-10-28,sz.300840,11.0100,11.3400,11.0100,11.1000,10.9900,1599111,17898413.1000,3,1.036300,1,1.000900,58.912892,4.582495,24.023804,2.706811,0
2021-10-29,sz.300840,11.0100,11.2100,10.9600,11.1400,11.1000,1101600,12201702.2400,3,0.713900,1,0.360400,59.125191,4.599008,24.110377,2.716565,0
2021-11-01,sz.300840,11.1400,11.2800,11.0000,11.2400,11.1400,1019177,11383642.9700,3,0.660500,1,0.897700,59.655938,4.640292,24.326807,2.740950,0
2021-11-02,sz.300840,11.2200,11.3000,10.7800,10.8000,11.2400,1814200,19912657.0000,3,1.175700,1,-3.914600,57.320652,4.458644,23.374512,2.633653,0
2021-11-03,sz.300840,10.8500,11.1700,10.8000,11.0700,10.8000,941184,10350958.0800,3,0.609900,1,2.500000,58.753668,4.570110,23.958875,2.699495,0
2021-11-04,sz.300840,11.1900,11.8400,10.9700,11.3600,11.0700,2743511,31327848.0500,3,1.777900,1,2.619700,60.292834,4.689832,24.586524,2.770213,0
2021-11-05,sz.300840,11.2000,11.4200,11.1600,11.3600,11.3600,2012110,22738240.2200,3,1.303900,1,0.000000,60.292834,4.689832,24.586524,2.770213,0
2021-11-08,sz.300840,11.3400,11.3700,11.2100,11.3300,11.3600,1034526,11674913.0600,3,0.670400,1,-0.264100,60.133610,4.677447,24.521595,2.762898,0
2021-11-09,sz.300840,11.3300,11.5200,11.2500,11.4700,11.3300,1578126,18002122.1000,3,1.022700,1,1.235700,60.876655,4.735245,24.824598,2.797038,0
2021-11-10,sz.300840,11.3900,11.6300,11.3100,11.5500,11.4700,1513000,17377353.0000,3,0.980500,1,0.697500,61.301253,4.768272,24.997742,2.816546,0
2021-11-11,sz.300840,11.7100,11.9500,11.5800,11.8400,11.5500,3340300,39305497.0000,3,2.164600,1,2.510800,62.840418,4.887994,25.625391,2.887265,0
2021-11-12,sz.300840,11.8100,11.8100,11.5200,11.6300,11.8400,2124226,24676316.3800,3,1.376600,1,-1.773600,61.725850,4.801299,25.170887,2.836055,0
2021-11-15,sz.300840,11.3800,11.7500,11.3800,11.7300,11.6300,2438678,28310322.0000,3,1.580300,1,0.859800,62.256597,4.842582,25.387318,2.860440,0
2021-11-16,sz.300840,11.7600,12.2800,11.5000,11.8600,11.7300,4511123,53898381.0100,3,2.923400,1,1.108300,62.946568,4.896251,25.668677,2.892142,0
2021-11-17,sz.300840,11.7100,11.9900,11.6900,11.9300,11.8600,3256800,38584569.0000,3,2.110500,1,0.590200,63.318090,4.925150,25.820179,2.909212,0
2021-11-18,sz.300840,11.8600,11.9800,11.5800,11.5800,11.9300,2063852,24294471.1600,3,1.337400,1,-2.933800,61.460477,4.780657,25.062672,2.823862,0
2021-11-19,sz.300840,11.5800,11.7300,11.5700,11.7100,11.5800,1096200,12788168.0000,3,0.710400,1,1.122600,62.150447,4.834326,25.344031,2.855563,0
2021-11-22,sz.300840,11.6200,11.7700,11.4000,11.5600,11.7100,1299100,15012282.0000,3,0.841900,1,-1.281000,61.354327,4.772400,25.019385,2.818985,0
2021-11-23,sz.300840,11.6000,11.6600,11.4800,11.6000,11.5600,862800,9974351.0000,3,0.559100,1,0.346000,61.566626,4.788913,25.105958,2.828739,0
2021-11-24,sz.300840,11.6000,12.1400,11.5200,12.0300,11.6000,5139385,61419766.5500,3,3.330500,1,3.706900,63.848837,4.966433,26.036610,2.933597,0
2021-11-25,sz.300840,11.9600,12.0500,11.8000,12.0300,12.0300,3239611,38676500.7800,3,2.099400,1,0.000000,63.848837,4.966433,26.036610,2.933597,0
2021-11-26,sz.300840,11.9900,12.1300,11.8300,12.0200,12.0300,2512026,30140971.2200,3,1.627900,1,-0.083100,63.795763,4.962305,26.014967,2.931159,0
2021-11-29,sz.300840,12.0000,12.0000,11.7400,11.7700,12.0200,1510500,17871564.0000,3,0.978900,1,-2.079900,62.468896,4.859096,25.473890,2.870195,0
2021-11-30,sz.300840,11.8000,11.9700,11.7300,11.7600,11.7700,1742100,20643907.0000,3,1.128900,1,-0.085000,62.415821,4.854967,25.452247,2.867756,0
2021-12-01,sz.300840,11.8000,12.1900,11.8000,12.1400,11.7600,4713426,56882794.6000,3,3.054400,1,3.231300,64.432659,5.011846,26.274683,2.960422,0
2021-12-02,sz.300840,12.1000,12.3000,11.7900,11.8300,12.1400,2774400,33215820.0000,3,1.797900,1,-2.553500,62.787344,4.883866,25.603748,2.884826,0
2021-12-03,sz.300840,11.8400,11.9500,11.6500,11.6900,11.8300,1842626,21610589.9000,3,1.194100,1,-1.183400,62.044298,4.826069,25.300745,2.850686,0
2021-12-06,sz.300840,11.7100,11.7100,11.2400,11.2600,11.6900,2793900,31835900.0000,3,1.810500,1,-3.678400,59.762087,4.648549,24.370093,2.745828,0
2021-12-07,sz.300840,11.2600,11.4000,11.1300,11.2200,11.2600,1184376,13285880.4800,3,0.767500,1,-0.355200,59.549788,4.632035,24.283521,2.736073,0
2021-12-08,sz.300840,11.2900,11.3500,11.1900,11.2800,11.2200,790300,8911565.0000,3,0.512100,1,0.534800,59.868236,4.656805,24.413380,2.750705,0
2021-12-09,sz.300840,11.3600,11.6400,11.3600,11.4100,11.2800,1865400,21416638.0000,3,1.208800,1,1.152500,60.558207,4.710474,24.694739,2.782406,0
2021-12-10,sz.300840,11.3500,11.5000,11.2800,11.3400,11.4100,1542696,17558891.8800,3,0.999700,1,-0.613500,60.186684,4.681576,24.543238,2.765336,0
2021-12-13,sz.300840,11.3300,11.4900,11.2900,11.4200,11.3400,1361200,15513648.0000,3,0.882100,1,0.705500,60.611282,4.714603,24.716382,2.784845,0
2021-12-14,sz.300840,11.4000,11.6100,11.3200,11.5600,11.4200,1976098,22747618.9000,3,1.280600,1,1.225900,61.354327,4.772400,25.019385,2.818985,0
2021-12-15,sz.300840,11.7100,11.9900,11.5600,11.5900,11.5600,4697511,54943547.1100,3,3.044100,1,0.259500,61.513551,4.784785,25.084315,2.826300,0
2021-12-16,sz.300840,11.5000,12.2000,11.5000,12.0800,11.5900,9172726,109367971.0800,3,5.944200,1,4.227800,64.114211,4.987075,26.144825,2.945790,0
2021-12-17,sz.300840,12.0500,13.1300,12.0500,12.6800,12.0800,16101793,203148812.7500,3,10.434500,1,4.966900,67.298691,5.234778,27.443409,3.092104,0
2021-12-20,sz.300840,12.3500,12.6000,11.7800,11.9500,12.6800,10609623,128839423.6200,3,6.875400,1,-5.757100,63.424240,4.933406,25.863465,2.914089,0
2021-12-21,sz.300840,12.0300,12.1300,11.8000,12.0500,11.9500,4696300,56214011.0000,3,3.043400,1,0.836800,63.954987,4.974690,26.079896,2.938474,0
2021-12-22,sz.300840,12.0100,12.1600,11.8000,11.8800,12.0500,3384800,40493727.0000,3,2.193500,1,-1.410800,63.052717,4.904508,25.711964,2.897019,0
2021-12-23,sz.300840,11.8800,11.9400,11.4400,11.4700,11.8800,4532500,52688760.0000,3,2.937200,1,-3.451200,60.876655,4.735245,24.824598,2.797038,0
2021-12-24,sz.300840,11.4800,11.5900,11.2500,11.3200,11.4700,3623800,41128830.0000,3,2.348300,1,-1.307800,60.080535,4.673319,24.499952,2.760459,0
2021-12-27,sz.300840,11.4200,11.4700,11.2700,11.4600,11.3200,2215100,25230970.0000,3,1.435500,1,1.236700,60.823581,4.731116,24.802955,2.794599,0
2021-12-28,sz.300840,11.4100,11.6300,11.3900,11.5000,11.4600,2375700,27376805.0000,3,1.539500,1,0.349000,61.035879,4.747630,24.889527,2.804353,0
2021-12-29,sz.300840,11.4700,11.5700,11.3800,11.5000,11.5000,2223083,25531154.8900,3,1.440600,1,0.000000,61.035879,4.747630,24.889527,2.804353,0
2021-12-30,sz.300840,11.4400,11.7400,11.4400,11.5600,11.5000,2628753,30469268.7000,3,1.703500,1,0.521700,61.354327,4.772400,25.019385,2.818985,0
2021-12-31,sz.300840,11.5400,11.6600,11.5200,11.5800,11.5600,1549000,17926365.0000,3,1.003800,1,0.173000,61.460477,4.780657,25.062672,2.823862,0
2022-01-04,sz.300840,11.6400,11.8800,11.5200,11.8500,11.5800,3410200,40086475.0000,3,2.209900,1,2.331600,62.893493,4.892123,25.647034,2.889703,0
2022-01-05,sz.300840,11.8200,12.1800,11.8100,12.0400,11.8500,6040000,72393374.0000,3,3.914100,1,1.603400,63.901912,4.970562,26.058253,2.936036,0
2022-01-06,sz.300840,11.8400,12.1600,11.8200,12.0400,12.0400,4460200,53694282.0000,3,2.890400,1,0.000000,63.901912,4.970562,26.058253,2.936036,0
2022-01-07,sz.300840,12.0400,12.1600,11.7600,11.7700,12.0400,3442469,41225166.6900,3,2.230800,1,-2.242500,62.468896,4.859096,25.473890,2.870195,0
2022-01-10,sz.300840,11.9800,12.0800,11.7400,11.9900,11.7700,2451769,29289961.1700,3,1.588800,1,1.869200,63.636538,4.949920,25.950037,2.923843,0
2022-01-11,sz.300840,11.9900,12.1800,11.9100,11.9600,11.9900,2596600,31320629.0000,3,1.682700,1,-0.250200,63.477314,4.937535,25.885108,2.916527,0
2022-01-12,sz.300840,11.9700,12.2500,11.9700,12.1800,11.9600,3257269,39637840.2600,3,2.110800,1,1.839500,64.644957,5.028359,26.361256,2.970176,0
2022-01-13,sz.300840,12.1500,12.4600,12.0900,12.1200,12.1800,2719000,33240484.0000,3,1.762000,1,-0.492600,64.326509,5.003589,26.231397,2.955544,0
2022-01-14,sz.300840,12.1200,12.2500,11.9300,11.9400,12.1200,2462661,29742484.3700,3,1.595900,1,-1.485100,63.371165,4.929278,25.841822,2.911650,0
2022-01-17,sz.300840,11.9400,12.2200,11.9000,12.2000,11.9400,2619500,31791049.0000,3,1.697500,1,2.177600,64.751107,5.036616,26.404542,2.975053,0
2022-01-18,sz.300840,12.1700,12.3600,11.7600,11.8700,12.2000,5308949,63731566.2300,3,3.440400,1,-2.704900,62.999642,4.900379,25.690321,2.894580,0
2022-01-19,sz.300840,11.7600,12.1200,11.7200,12.0400,11.8700,3119900,37408894.0000,3,2.021800,1,1.432200,63.901912,4.970562,26.058253,2.936036,0
2022-01-20,sz.300840,12.2300,12.2800,11.4100,11.5000,12.0400,4218511,49474416.8800,3,2.733700,1,-4.485000,61.035879,4.747630,24.889527,2.804353,0
2022-01-21,sz.300840,11.4700,11.6100,11.2400,11.4000,11.5000,1982900,22587318.0000,3,1.285000,1,-0.869600,60.505132,4.706346,24.673096,2.779968,0
2022-01-24,sz.300840,11.3300,11.4000,11.0800,11.1800,11.4000,1827600,20551872.0000,3,1.184300,1,-1.929800,59.337490,4.615522,24.196949,2.726319,0
2022-01-25,sz.300840,11.1100,11.2000,10.2100,10.3400,11.1800,4130400,43936629.0000,3,2.676600,1,-7.513400,54.879217,4.268738,22.378931,2.521479,0
2022-01-26,sz.300840,10.4400,10.5800,10.3200,10.3600,10.3400,1650400,17214049.0000,3,1.069500,1,0.193400,54.985366,4.276995,22.422217,2.526356,0
2022-01-27,sz.300840,10.4800,10.4800,9.9600,10.0000,10.3600,2179400,21998630.0000,3,1.412300,1,-3.474900,53.074678,4.128374,21.643067,2.438568,0
2022-01-28,sz.300840,10.0400,10.4000,10.0400,10.2900,10.0000,1601200,16427452.0000,3,1.037600,1,2.900000,54.613843,4.248096,22.270716,2.509287,0
2022-02-07,sz.300840,10.4800,10.5600,10.3000,10.3600,10.2900,1271900,13256816.0000,3,0.824200,1,0.680300,54.985366,4.276995,22.422217,2.526356,0
2022-02-08,sz.300840,10.4700,10.6500,10.3300,10.5900,10.3600,1512800,15960136.0000,3,0.980300,1,2.220100,56.206084,4.371948,22.920008,2.582444,0
2022-02-09,sz.300840,10.5500,10.7300,10.5500,10.6700,10.5900,1027000,10944271.0000,3,0.665500,1,0.755400,56.630681,4.404975,23.093152,2.601952,0
2022-02-10,sz.300840,10.6900,10.7700,10.4500,10.5400,10.6700,1087167,11480950.8400,3,0.704500,1,-1.218400,55.940710,4.351306,22.811793,2.570251,0
2022-02-11,sz.300840,10.4600,10.5300,10.2000,10.2600,10.5400,1342718,13860624.6800,3,0.870100,1,-2.656500,54.454619,4.235711,22.205787,2.501971,0
